{
  "single_tag_locus_v1_tag36h11_3840x2160": {
    "Locus (Soft)": {
      "recall": 97.77777777777777,
      "pose_rmse": 4.525060222180174,
      "latency": 126.2132326461142
    },
    "Locus (Hard)": {
      "recall": 97.77777777777777,
      "pose_rmse": 0.029725927283386508,
      "latency": 75.75039393236187
    }
  }
}