{
  "charuco_golden_v1": {
    "Locus (Soft)": {
      "recall": 99.33333333333333,
      "pose_rmse": 0.010130089836372036,
      "latency": 26.1389783533438
    },
    "Locus (Hard)": {
      "recall": 99.33333333333333,
      "pose_rmse": 0.008101413363692241,
      "latency": 18.400649673336982
    }
  }
}