{
  "charuco_golden_v1": {
    "Locus (Soft)": {
      "recall": 99.33333333333333,
      "pose_rmse": 0.010130089836372036,
      "latency": 26.380916472990066
    },
    "Locus (Hard)": {
      "recall": 99.33333333333333,
      "pose_rmse": 0.008101413363692241,
      "latency": 18.636803300566196
    }
  }
}