{
  "single_tag_locus_v1_tag36h11_1280x720": {
    "Locus (Soft)": {
      "recall": 100.0,
      "pose_rmse": 0.5668936954429258,
      "latency": 18.506133540940937
    },
    "Locus (Hard)": {
      "recall": 100.0,
      "pose_rmse": 0.008093312588494628,
      "latency": 10.387843758799136
    }
  }
}