{
  "single_tag_locus_v1_tag36h11_3840x2160": {
    "Locus (Soft)": {
      "recall": 93.33333333333333,
      "pose_rmse": 7.3286047665345775,
      "latency": 64.47799788697415
    },
    "Locus (Hard)": {
      "recall": 84.44444444444444,
      "pose_rmse": 0.004306927197032101,
      "latency": 44.79065126732975
    }
  }
}