{
  "single_tag_locus_v1_tag36h11_640x480": {
    "Locus (Soft)": {
      "recall": 95.55555555555556,
      "pose_rmse": 0.14572024052555493,
      "latency": 3.8248061781309337
    },
    "Locus (Hard)": {
      "recall": 93.33333333333333,
      "pose_rmse": 0.0009550202116705923,
      "latency": 2.335760088883237
    }
  }
}