{
  "aprilgrid_golden_v1": {
    "Locus (Soft)": {
      "recall": 99.3103448275862,
      "pose_rmse": 0.00613299703610683,
      "latency": 22.508900220794924
    },
    "Locus (Hard)": {
      "recall": 98.62068965517241,
      "pose_rmse": 0.0036786365858975426,
      "latency": 13.025431524749427
    }
  }
}