{
  "single_tag_locus_v1_tag36h11_1920x1080": {
    "Locus (Soft)": {
      "recall": 97.77777777777777,
      "pose_rmse": 1.2355913637890887,
      "latency": 21.703670844565043
    },
    "Locus (Hard)": {
      "recall": 95.55555555555556,
      "pose_rmse": 0.0024992608444335557,
      "latency": 11.962654733926886
    }
  }
}