{
  "single_tag_locus_v1_tag36h11_3840x2160": {
    "Locus (Soft)": {
      "recall": 97.77777777777777,
      "pose_rmse": 4.525060222180174,
      "latency": 122.91144244453689
    },
    "Locus (Hard)": {
      "recall": 97.77777777777777,
      "pose_rmse": 0.029725927283386508,
      "latency": 74.60891628882867
    }
  }
}