{
  "charuco_golden_v1": {
    "Locus (Soft)": {
      "recall": 100.0,
      "pose_rmse": 0.008842914428934718,
      "latency": 16.392285360003978
    },
    "Locus (Hard)": {
      "recall": 99.33333333333333,
      "pose_rmse": 0.005318832940434958,
      "latency": 12.447154386997378
    }
  }
}