{
  "forward/pure_tags_images": {
    "Locus (v1 Hub)": {
      "recall": 97.77777777777777,
      "rmse": 1.4061,
      "repro_rmse": 8.3690,
      "p50_rotation_error": 4.0604,
      "p50_translation_error": 0.0152
    },
    "Locus (Soft)": {
      "recall": 96.23,
      "rmse": 0.3059,
      "latency": 87.15,
      "stages": {
        "threshold": 10.3821218,
        "segmentation": 49.3048838,
        "quad": 56.90039320000001,
        "decoding": 221.6332484
      }
    },
    "Locus (Hard)": {
      "recall": 76.84,
      "rmse": 0.2658,
      "latency": 67.80,
      "stages": {
        "threshold": 10.9425286,
        "segmentation": 41.7985872,
        "quad": 50.5247974,
        "decoding": 71.0830674
      }
    }
  }
}