{
  "forward/pure_tags_images": {
    "Locus (Soft)": {
      "recall": 96.23376623376623,
      "rmse": 0.28701392694134786,
      "latency": 80.19526921911165
    },
    "Locus (Hard)": {
      "recall": 76.87012987012987,
      "rmse": 0.25672022395083954,
      "latency": 66.31861144443974
    }
  }
}