{
  "forward/pure_tags_images": {
    "Locus (v1 Hub)": {
      "recall": 97.77777777777777,
      "rmse": 1.4061,
      "repro_rmse": 8.3690,
      "p50_rotation_error": 4.0604,
      "p50_translation_error": 0.0152
    },
    "Locus (GWLF)": {
      "recall": 97.77777777777777,
      "rmse": 1.0459,
      "repro_rmse": 4.2643,
      "p50_rotation_error": 0.3881,
      "p50_translation_error": 0.0055
    },
    "Locus (Soft)": {
      "recall": 96.23376623376623,
      "rmse": 0.28701392694134786,
      "latency": 80.19526921911165
    },
    "Locus (Hard)": {
      "recall": 76.87012987012987,
      "rmse": 0.25672022395083954,
      "latency": 66.31861144443974
    }
  }
}