{
  "payload_length": 36,
  "minimum_hamming_distance": 11,
  "dictionary_size": 250,
  "canonical_sampling_points": [
    [-0.6666666666666666, -0.6666666666666666],
    [-0.4, -0.6666666666666666],
    [-0.13333333333333333, -0.6666666666666666],
    [0.1333333333333333, -0.6666666666666666],
    [0.4, -0.6666666666666666],
    [0.6666666666666666, -0.6666666666666666],
    [-0.6666666666666666, -0.4],
    [-0.4, -0.4],
    [-0.13333333333333333, -0.4],
    [0.1333333333333333, -0.4],
    [0.4, -0.4],
    [0.6666666666666666, -0.4],
    [-0.6666666666666666, -0.13333333333333333],
    [-0.4, -0.13333333333333333],
    [-0.13333333333333333, -0.13333333333333333],
    [0.1333333333333333, -0.13333333333333333],
    [0.4, -0.13333333333333333],
    [0.6666666666666666, -0.13333333333333333],
    [-0.6666666666666666, 0.1333333333333333],
    [-0.4, 0.1333333333333333],
    [-0.13333333333333333, 0.1333333333333333],
    [0.1333333333333333, 0.1333333333333333],
    [0.4, 0.1333333333333333],
    [0.6666666666666666, 0.1333333333333333],
    [-0.6666666666666666, 0.4],
    [-0.4, 0.4],
    [-0.13333333333333333, 0.4],
    [0.1333333333333333, 0.4],
    [0.4, 0.4],
    [0.6666666666666666, 0.4],
    [-0.6666666666666666, 0.6666666666666666],
    [-0.4, 0.6666666666666666],
    [-0.13333333333333333, 0.6666666666666666],
    [0.1333333333333333, 0.6666666666666666],
    [0.4, 0.6666666666666666],
    [0.6666666666666666, 0.6666666666666666]
  ],
  "base_codes": [
    "000000000", "040004000", "080008000", "0c000c000", "100010000", "140014000", "180018000", "1c001c000",
    "200020000", "240024000", "280028000", "2c002c000", "300030000", "340034000", "380038000", "3c003c000",
    "400040000", "440044000", "480048000", "4c004c000", "500050000", "540054000", "580058000", "5c005c000",
    "600060000", "640064000", "680068000", "6c006c000", "700070000", "740074000", "780078000", "7c007c000",
    "800080000", "840084000", "880088000", "8c008c000", "900090000", "940094000", "980098000", "9c009c000",
    "a000a0000", "a400a4000", "a800a8000", "ac00ac000", "b000b0000", "b400b4000", "b800b8000", "bc00bc000",
    "c000c0000", "c400c4000", "c800c8000", "cc00cc000", "d000d0000", "d400d4000", "d800d8000", "dc00dc000",
    "e000e0000", "e400e4000", "e800e8000", "ec00ec000", "f000f0000", "f400f4000", "f800f8000", "fc00fc000",
    "000100010", "040104010", "080108010", "0c010c010", "100110010", "140114010", "180118010", "1c011c010",
    "200120010", "240124010", "280128010", "2c012c010", "300130010", "340134010", "380138010", "3c013c010",
    "400140010", "440144010", "480148010", "4c014c010", "500150010", "540154010", "580158010", "5c015c010",
    "600160010", "640164010", "680168010", "6c016c010", "700170010", "740174010", "780178010", "7c017c010",
    "800180010", "840184010", "880188010", "8c018c010", "900190010", "940194010", "980198010", "9c019c010",
    "a001a0010", "a401a4010", "a801a8010", "ac01ac010", "b001b0010", "b401b4010", "b801b8010", "bc01bc010",
    "c001c0010", "c401c4010", "c801c8010", "cc01cc010", "d001d0010", "d401d4010", "d801d8010", "dc01dc010",
    "e001e0010", "e401e4010", "e801e8010", "ec01ec010", "f001f0010", "f401f4010", "f801f8010", "fc01fc010",
    "000200020", "040204020", "080208020", "0c020c020", "100210020", "140214020", "180218020", "1c021c020",
    "200220020", "240224020", "280228020", "2c022c020", "300230020", "340234020", "380238020", "3c023c020",
    "400240020", "440244020", "480248020", "4c024c020", "500250020", "540254020", "580258020", "5c025c020",
    "600260020", "640264020", "680268020", "6c026c020", "700270020", "740274020", "780278020", "7c027c020",
    "800280020", "840284020", "880288020", "8c028c020", "900290020", "940294020", "980298020", "9c029c020",
    "a002a0020", "a402a4020", "a802a8020", "ac02ac020", "b002b0020", "b402b4020", "b802b8020", "bc02bc020",
    "c002c0020", "c402c4020", "c802c8020", "cc02cc020", "d002d0020", "d402d4020", "d802d8020", "dc02d8020",
    "e002e0020", "e402e4020", "e802e8020", "ec02ec020", "f002f0020", "f402f4020", "f802f8020", "fc02fc020",
    "000300030", "040304030", "080308030", "0c030c030", "100310030", "140314030", "180318030", "1c031c030",
    "200320030", "240324030", "280328030", "2c032c030", "300330030", "340334030", "380338030", "3c033c030",
    "400340030", "440344030", "480348030", "4c034c030", "500350030", "540354030", "580358030", "5c035c030",
    "600360030", "640364030", "680368030", "6c036c030", "700370030", "740374030", "780378030", "7c037c030",
    "800380030", "840384030", "880388030", "8c038c030", "900390030", "940394030", "980398030", "9c039c030",
    "a003a0030", "a403a4030", "a803a8030", "ac03ac030", "b003b0030", "b403b4030", "b803b8030", "bc03bc030",
    "c003c0030", "c403c4030", "c803c8030", "cc03cc030", "d003d0030", "d403d4030", "d803d8030", "dc03d8030",
    "000000001", "040004001"
  ]
}
