{
  "joint": {
    "label": "joint (6-DOF)",
    "dof": 6,
    "n": 50,
    "mean_d2": 2.36509993709766,
    "median_d2": 2.115451922136671,
    "ideal_mean_d2": 6.0,
    "kl": 1.313968476963315,
    "per_axis_ratio": [
      2.2116995118877267,
      2.445763663747606,
      2.270719140836056,
      0.15656269947698756,
      0.15400295684141296,
      0.43930846627115994
    ],
    "p50": 2.115451922136671,
    "p90": 3.0662943766702546,
    "p99": 8.8868963953933
  },
  "translation": {
    "label": "translation (3-DOF)",
    "dof": 3,
    "n": 50,
    "mean_d2": 1.8106753371789426,
    "median_d2": 1.5931453904523845,
    "ideal_mean_d2": 3.0,
    "kl": 0.46364729903143664,
    "per_axis_ratio": [
      2.2116995118877267,
      2.445763663747606,
      2.270719140836056
    ],
    "p50": 1.5931453904523845,
    "p90": 2.5497304769281492,
    "p99": 4.024578238423683
  },
  "rotation": {
    "label": "rotation (3-DOF)",
    "dof": 3,
    "n": 50,
    "mean_d2": 0.5544245999187088,
    "median_d2": 0.25595083752431214,
    "ideal_mean_d2": 3.0,
    "kl": 1.4936979368191488,
    "per_axis_ratio": [
      0.15656269947698756,
      0.15400295684141296,
      0.43930846627115994
    ],
    "p50": 0.25595083752431214,
    "p90": 0.7841714014130492,
    "p99": 6.6935150043436495
  },
  "source": "samples_locus_v1_low_key_1920x1080.json"
}