{
  "joint": {
    "label": "joint (6-DOF)",
    "dof": 6,
    "n": 50,
    "mean_d2": 2.912847513843568,
    "median_d2": 1.4246691486235985,
    "ideal_mean_d2": 6.0,
    "kl": 1.3938874189387283,
    "per_axis_ratio": [
      0.10989797763759525,
      0.45008140690677867,
      0.24281259307545192,
      0.2356693013706189,
      0.6470000806130828,
      0.31572239833175614
    ],
    "p50": 1.4246691486235985,
    "p90": 6.844361015770538,
    "p99": 16.972228228002766
  },
  "translation": {
    "label": "translation (3-DOF)",
    "dof": 3,
    "n": 50,
    "mean_d2": 0.19451481133184942,
    "median_d2": 0.07127625198830867,
    "ideal_mean_d2": 3.0,
    "kl": 1.4256924816978842,
    "per_axis_ratio": [
      0.10989797763759525,
      0.45008140690677867,
      0.24281259307545192
    ],
    "p50": 0.07127625198830867,
    "p90": 0.38623949064951446,
    "p99": 2.265817172451913
  },
  "rotation": {
    "label": "rotation (3-DOF)",
    "dof": 3,
    "n": 50,
    "mean_d2": 2.7183327025117183,
    "median_d2": 1.3369154293826608,
    "ideal_mean_d2": 3.0,
    "kl": 0.40849230698569294,
    "per_axis_ratio": [
      0.2356693013706189,
      0.6470000806130828,
      0.31572239833175614
    ],
    "p50": 1.3369154293826608,
    "p90": 6.723553162325465,
    "p99": 16.901150453305554
  },
  "source": "samples_locus_v1_high_iso_1920x1080.json"
}