{
  "joint": {
    "label": "joint (6-DOF)",
    "dof": 6,
    "n": 50,
    "mean_d2": 2.9106732795827743,
    "median_d2": 1.3807551203486397,
    "ideal_mean_d2": 6.0,
    "kl": 1.3869742111098553,
    "per_axis_ratio": [
      0.13091183418363989,
      0.47292219028901006,
      0.2602928642893746,
      0.23374390372782602,
      0.626707348340555,
      0.2853633097080844
    ],
    "p50": 1.3807551203486397,
    "p90": 6.826249933994612,
    "p99": 16.547393345929613
  },
  "translation": {
    "label": "translation (3-DOF)",
    "dof": 3,
    "n": 50,
    "mean_d2": 0.21956205129245357,
    "median_d2": 0.0808930278142593,
    "ideal_mean_d2": 3.0,
    "kl": 1.4331458787620395,
    "per_axis_ratio": [
      0.13091183418363989,
      0.47292219028901006,
      0.2602928642893746
    ],
    "p50": 0.0808930278142593,
    "p90": 0.3696411229313697,
    "p99": 2.965130856072073
  },
  "rotation": {
    "label": "rotation (3-DOF)",
    "dof": 3,
    "n": 50,
    "mean_d2": 2.691111228290321,
    "median_d2": 1.3102345882767534,
    "ideal_mean_d2": 3.0,
    "kl": 0.3799642283766006,
    "per_axis_ratio": [
      0.23374390372782602,
      0.626707348340555,
      0.2853633097080844
    ],
    "p50": 1.3102345882767534,
    "p90": 6.7079777710379584,
    "p99": 16.47404522156164
  },
  "source": "samples_locus_v1_tag36h11_1920x1080.json"
}