{
  "joint": {
    "label": "joint (6-DOF)",
    "dof": 6,
    "n": 50,
    "mean_d2": 2.2057141095069737,
    "median_d2": 1.335036240672763,
    "ideal_mean_d2": 6.0,
    "kl": 1.465409881366373,
    "per_axis_ratio": [
      0.8008301061754071,
      0.9317063864062557,
      0.904976742740041,
      0.380770018676656,
      0.3079137204247334,
      0.2585490537933545
    ],
    "p50": 1.335036240672763,
    "p90": 5.416364218006943,
    "p99": 9.966036648014853
  },
  "translation": {
    "label": "translation (3-DOF)",
    "dof": 3,
    "n": 50,
    "mean_d2": 0.5200072374000876,
    "median_d2": 0.39234838655857895,
    "ideal_mean_d2": 3.0,
    "kl": 1.1189424234449015,
    "per_axis_ratio": [
      0.8008301061754071,
      0.9317063864062557,
      0.904976742740041
    ],
    "p50": 0.39234838655857895,
    "p90": 1.2058837990757698,
    "p99": 1.549291937600391
  },
  "rotation": {
    "label": "rotation (3-DOF)",
    "dof": 3,
    "n": 50,
    "mean_d2": 1.6857068721068862,
    "median_d2": 0.7429620836597188,
    "ideal_mean_d2": 3.0,
    "kl": 0.599325887455988,
    "per_axis_ratio": [
      0.380770018676656,
      0.3079137204247334,
      0.2585490537933545
    ],
    "p50": 0.7429620836597188,
    "p90": 5.19626953446033,
    "p99": 9.827620534016758
  },
  "source": "samples_locus_v1_raw_pipeline_1920x1080.json"
}